<?xml version="1.0" encoding="utf-8"?>
<!DOCTYPE car_list [
    <!--    Filename:   xmlTemplate.xml
            Author:     Jaydon Cameron
            Validator:  https://validator.w3.org/
            Created:    03/09/2021      -->

    <!ELEMENT car_list (car+)>                      <!--Element (or tag) containing one or more car elements.-->
        <!ELEMENT car (make,model,specs,description,cost,safetyRating,extras+,couponCode?,reviews?,externalPromoPage+,promoPicFile)>  <!--Element containing information about a car.-->
            <!ELEMENT make (#PCDATA)>               <!-- Element containing the make of the car. -->
            <!ELEMENT model (#PCDATA)>              <!-- Model element with parsed character data.-->
            <!ELEMENT specs (type,range,topSpeed,zeroToHundred)>        <!-- Description element with parsed character data. -->
            <!ELEMENT description (#PCDATA)>        <!-- Description of the car. -->
            <!ELEMENT range (#PCDATA)>              <!-- Driving range of the car (in kilometers). -->
            <!ELEMENT topSpeed (#PCDATA)>           <!-- Top speed of the car (in kilometers per hour). -->
            <!ELEMENT type (#PCDATA)>               <!-- The engine/fuel type of the car. -->
            <!ELEMENT zeroToHundred (#PCDATA)>      <!-- The time it take for the car to reach 100 km/h. -->
            <!ELEMENT cost (#PCDATA)>               <!-- Cost element for the cost to purchase the car, with parsed character data. -->
            <!ELEMENT safetyRating (#PCDATA)>       <!-- safetyRating element for the safety rating of the car, with parsed character data.-->
                <!ATTLIST safetyRating stars (0|1|2|3|4|5) #REQUIRED>   <!-- The safety rating of the car according to ANCAP (out of five). -->
            <!ELEMENT extras (option, additionalCost)>                  <!-- extras element for additional options that can be chosen to add with the car purchase, containing one or more option. -->
                <!ELEMENT option (#PCDATA)>         <!-- option element with parsed character data. -->
                <!ELEMENT additionalCost (#PCDATA)> <!-- The cost to add the option to the car. -->
            <!ELEMENT couponCode (#PCDATA)>         <!-- couponCode element with parsed character data. -->
            <!ELEMENT reviews (review*)>            <!-- reviews element containing zero or more review attributes. -->
                <!ELEMENT review (#PCDATA)>         <!-- review element for a person's review of the car, with parsed character data. -->
            <!ELEMENT externalPromoPage (#PCDATA)>  <!-- URL of the cars promotional page. -->
            <!ELEMENT promoPicFile (#PCDATA)>       <!-- Image file of the cars promotional image. -->

    <!-- Entities for the car models. -->
    <!ENTITY MOD-3 "Model3">    <!-- Entity 1 -->
    <!ENTITY MOD-S "ModelS">    <!-- Entity 2 -->
    <!ENTITY MOD-X "ModelX">    <!-- Entity 3 -->
]>

<car_list>                                          <!-- List of cars. -->
    <!-- First car. -->
    <car>                                           <!-- Information for a car. -->
        <make></make>                               <!-- Make of the car. -->
        <model></model>                             <!-- Model of the car (uses an entity). -->
        <specs>                                     <!-- List of specs of the car. -->
            <type></type>                           <!-- Fuel/Engine type of the car. -->
            <range>- km</range>                     <!-- Driving range of the car (in km) -->
            <topSpeed>- km/h</topSpeed>             <!-- Top speed of the car (in km/h) -->
            <zeroToHundred>- s</zeroToHundred>      <!-- Zero to one hundred time of the car (in s) -->
        </specs>
        <description></description>                 <!-- Description of the car. -->
        <cost></cost>                               <!-- Base price to purchase the car. -->
        <safetyRating stars="0"/>                   <!-- Safety rating of the car on a scale from 0 to 5 stars. -->
        <extras>                                    <!-- Extras available for the car. -->
            <option></option>                       <!-- The name of the option available. -->
            <additionalCost></additionalCost>       <!-- The additional cost of the option. -->
        </extras>
        <couponCode></couponCode>                   <!-- The coupon code that can be used with the purchase of this car. -->
        <reviews>                                   <!-- List of reviews of the car. -->
            <review></review>                       <!-- Review of the car. -->
        </reviews>
        <externalPromoPage></externalPromoPage>     <!-- URL to the promotional page for this vehicle. -->
        <promoPicFile></promoPicFile>               <!-- The relative path (or filename) of a promotional picture of this vehicle. -->
    </car>

    <!-- Second car. -->
    <car>                                           <!-- Information for a car. -->
        <make></make>                               <!-- Make of the car. -->
        <model></model>                             <!-- Model of the car (uses an entity). -->
        <specs>                                     <!-- List of specs of the car. -->
            <type></type>                           <!-- Fuel/Engine type of the car. -->
            <range>- km</range>                     <!-- Driving range of the car (in km) -->
            <topSpeed>- km/h</topSpeed>             <!-- Top speed of the car (in km/h) -->
            <zeroToHundred>- s</zeroToHundred>      <!-- Zero to one hundred time of the car (in s) -->
        </specs>
        <description></description>                 <!-- Description of the car. -->
        <cost></cost>                               <!-- Base price to purchase the car. -->
        <safetyRating stars="0"/>                   <!-- Safety rating of the car on a scale from 0 to 5 stars. -->
        <extras>                                    <!-- Extras available for the car. -->
            <option></option>                       <!-- The name of the option available. -->
            <additionalCost></additionalCost>       <!-- The additional cost of the option. -->
        </extras>
        <couponCode></couponCode>                   <!-- The coupon code that can be used with the purchase of this car. -->
        <reviews>                                   <!-- List of reviews of the car. -->
            <review></review>                       <!-- Review of the car. -->
        </reviews>
        <externalPromoPage></externalPromoPage>     <!-- URL to the promotional page for this vehicle. -->
        <promoPicFile></promoPicFile>               <!-- The relative path (or filename) of a promotional picture of this vehicle. -->
    </car>

    <!-- Third car. -->
    <car>                                           <!-- Information for a car. -->
        <make></make>                               <!-- Make of the car. -->
        <model></model>                             <!-- Model of the car (uses an entity). -->
        <specs>                                     <!-- List of specs of the car. -->
            <type></type>                           <!-- Fuel/Engine type of the car. -->
            <range>- km</range>                     <!-- Driving range of the car (in km) -->
            <topSpeed>- km/h</topSpeed>             <!-- Top speed of the car (in km/h) -->
            <zeroToHundred>- s</zeroToHundred>      <!-- Zero to one hundred time of the car (in s) -->
        </specs>
        <description></description>                 <!-- Description of the car. -->
        <cost></cost>                               <!-- Base price to purchase the car. -->
        <safetyRating stars="0"/>                   <!-- Safety rating of the car on a scale from 0 to 5 stars. -->
        <extras>                                    <!-- Extras available for the car. -->
            <option></option>                       <!-- The name of the option available. -->
            <additionalCost></additionalCost>       <!-- The additional cost of the option. -->
        </extras>
        <couponCode></couponCode>                   <!-- The coupon code that can be used with the purchase of this car. -->
        <reviews>                                   <!-- List of reviews of the car. -->
            <review></review>                       <!-- Review of the car. -->
        </reviews>
        <externalPromoPage></externalPromoPage>     <!-- URL to the promotional page for this vehicle. -->
        <promoPicFile></promoPicFile>               <!-- The relative path (or filename) of a promotional picture of this vehicle. -->
    </car>
</car_list>